rest_name,rating,pro_offer,offer,del_time,category,cost_for_one,recent_orders_count
Idly2Roti,New,,30% OFF,43 min,"Biryani, North Indian, South Indian, Chinese, BBQ",₹100 for one,1425+ orders placed from here recently
HMR - Grand Kitchen,4.1,,40% OFF,32 min,"South Indian, Hyderabadi, Chinese, Biryani, Desserts, Ice Cream, Beverages, Shake",₹100 for one,4125+ orders placed from here recently
Saravana's Kitchen,New,,20% OFF,40 min,"Biryani, North Indian, Chinese, Bengali",₹100 for one,375+ orders placed from here recently
Sree Annapoorna Sree Gowrishankar,4.2,,20% OFF,38 min,"South Indian, North Indian, Chinese, Beverages, Shake",₹100 for one,5150+ orders placed from here recently
Courtallam Border Rahmath Kadai,3.7,,60% OFF,37 min,"South Indian, Biryani",₹100 for one,2500+ orders placed from here recently
Sree Subbu Mess,4.2,,20% OFF,31 min,"South Indian, North Indian, Chinese",₹100 for one,2075+ orders placed from here recently
Kovai Biryani Hotel,3.9,,30% OFF,48 min,"Biryani, South Indian, Chinese, North Indian",₹100 for one,850+ orders placed from here recently
Abitha Biriyani Hotel,4.1,,Pro extra 15% OFF,43 min,"Biryani, South Indian",₹100 for one,12150+ orders placed from here recently
UBQ By Barbeque Nation,3.8,,50% OFF,43 min,"North Indian, Kebab, BBQ, Biryani",₹100 for one,725+ orders placed from here recently
Haribhavanam,4.0,,Pro extra 10% OFF,37 min,"Chettinad, Chinese, North Indian, South Indian, Seafood",₹200 for one,2350+ orders placed from here recently
Haribhavanam,4.0,,Pro extra 10% OFF,42 min,"Chettinad, Chinese, North Indian, South Indian, Seafood",₹200 for one,9925+ orders placed from here recently
Hotel Maa,3.9,,30% OFF,36 min,South Indian,₹200 for one,3625+ orders placed from here recently
Shree Anandhaas,4.2,,,35 min,"South Indian, North Indian, Chinese, Beverages",₹200 for one,1500+ orders placed from here recently
KFC,3.9,,40% OFF,41 min,"Burger, Fast Food, Beverages, Desserts",₹200 for one,4875+ orders placed from here recently
Dindigul Thalappakatti,3.8,,40% OFF,43 min,"Biryani, South Indian, Chinese, North Indian",₹200 for one,3200+ orders placed from here recently
Hotel Chola,3.7,,30% OFF,34 min,"South Indian, Chinese",₹200 for one,1950+ orders placed from here recently
Hotel Chola,4.1,,,42 min,"Fast Food, South Indian, Chinese",₹200 for one,2250+ orders placed from here recently
Domino's Pizza,4.1,,,30 min,"Pizza, Fast Food, Desserts, Beverages",₹200 for one,1725+ orders placed from here recently
Priya Hotel,3.9,Pro extra 25% OFF,50% OFF,39 min,South Indian,₹200 for one,4500+ orders placed from here recently
SS Hyderabad Biryani,4.4,,60% OFF,36 min,"Biryani, Chinese, Mughlai, North Indian, Seafood",₹200 for one,15775+ orders placed from here recently
Alif Paradise Biriyani,3.6,Pro extra 15% OFF,50% OFF,44 min,"Chinese, North Indian, Biryani, South Indian",₹200 for one,4175+ orders placed from here recently
Shree Aksshayam,4.0,,40% OFF,42 min,"South Indian, Chinese, Street Food, North Indian, Sandwich, Desserts, Beverages, Shake",₹100 for one,3475+ orders placed from here recently
Denmarrk Drive - Inn Restaurant,3.9,Pro extra 20% OFF,60% OFF,39 min,"North Indian, Chinese, Seafood",₹100 for one,8675+ orders placed from here recently
Sri Velan Chettinadu Mess,4.0,Pro extra 15% OFF,40% OFF,43 min,"South Indian, Chinese, North Indian",₹100 for one,13950+ orders placed from here recently
Burma Bhai Hotel,4.2,,20% OFF,34 min,"South Indian, North Indian, Chinese",₹100 for one,2175+ orders placed from here recently
Valarmathi Kongunaatu Samayal,4.2,Pro extra 15% OFF,20% OFF,42 min,"South Indian, Biryani",₹100 for one,6425+ orders placed from here recently
Thalassery Restaurant,4.1,,20% OFF,42 min,"South Indian, Chinese, North Indian, Arabian, Beverages",₹100 for one,2950+ orders placed from here recently
Malabar Restaurant,3.7,,10% OFF,34 min,"Kerala, South Indian",₹100 for one,1900+ orders placed from here recently
Burger King,4.1,,40% OFF,43 min,"Burger, Fast Food, Beverages",₹100 for one,3500+ orders placed from here recently
Chennai's Biriyani House,3.9,Pro extra 20% OFF,50% OFF,39 min,"South Indian, Biryani, North Indian, Chinese, Fast Food, Lebanese",₹100 for one,1900+ orders placed from here recently
Hotel Delhi Dharbarr,3.8,Pro extra 15% OFF,60% OFF,47 min,"South Indian, Chinese, Biryani, Kebab, North Indian, Lebanese",₹100 for one,7600+ orders placed from here recently
Adyar Ananda Bhavan,4.2,,40% OFF,29 min,"South Indian, Mithai, Street Food, Sandwich, Chinese, Fast Food, Desserts, Beverages",₹100 for one,4200+ orders placed from here recently
Ananth Bhavan,3.8,Pro extra 25% OFF,60% OFF,36 min,South Indian,₹100 for one,4225+ orders placed from here recently
Hotel Chola,4.0,,Flat 10% OFF,30 min,"Biryani, South Indian, Chinese, Fast Food",₹100 for one,950+ orders placed from here recently
A-1 Briyani Hotel,3.9,,,39 min,"Biryani, Chinese",₹100 for one,825+ orders placed from here recently
Shahi Grill,4.0,,,42 min,"Chettinad, North Indian, Chinese",₹100 for one,3100+ orders placed from here recently
Dindigul Venu Biryani,4.0,,30% OFF,39 min,"Biryani, South Indian, North Indian, Shake",₹100 for one,1825+ orders placed from here recently
Selvam Chettinad Mess,3.8,Pro extra 20% OFF,40% OFF,48 min,"South Indian, Chinese, Chettinad",₹100 for one,3450+ orders placed from here recently
Ammayi Veedu Pot Cook,4.0,,,32 min,"South Indian, Biryani",₹100 for one,1550+ orders placed from here recently
Ambur Star Briyani,4.0,,40% OFF,37 min,"Biryani, Chinese, North Indian, Seafood",₹100 for one,2025+ orders placed from here recently
FB Cakes,4.3,Pro extra 20% OFF,50% OFF,26 min,"Bakery, Desserts",₹100 for one,1550+ orders placed from here recently
Haaji Biriyani,3.9,,Flat 15% OFF,34 min,"North Indian, Chinese, Biryani, Chettinad, Arabian, Mughlai",₹100 for one,350+ orders placed from here recently
Sita Paani,3.8,,Flat 10% OFF,30 min,"North Indian, Mughlai, Chinese, Biryani, Seafood, Desserts, Beverages",₹100 for one,1075+ orders placed from here recently
Keventers - Milkshakes & Ice Creams,4.0,Pro extra 10% OFF,50% OFF,42 min,"Beverages, Ice Cream, Desserts, Shake",₹100 for one,325+ orders placed from here recently
GoParatha,4.4,,10% OFF,40 min,North Indian,₹100 for one,1625+ orders placed from here recently
Ponni Restaurant,4.0,,,28 min,"South Indian, Chinese, North Indian",₹150 for one,250+ orders placed from here recently
Cock Ra Co,4.2,,,39 min,"Chinese, North Indian, Seafood, Biryani, Desserts, Beverages",₹150 for one,700+ orders placed from here recently
MR Moorthy Chettinadu,3.8,Pro extra 20% OFF,30% OFF,32 min,"South Indian, Chettinad, Fast Food",₹150 for one,875+ orders placed from here recently
Hotel Kannappa,4.1,,10% OFF,43 min,"Chettinad, South Indian, Desserts, Shake",₹150 for one,2400+ orders placed from here recently
Biryani In Bucket,4.0,,20% OFF,33 min,"Biryani, Mangalorean, Fast Food, Desserts",₹150 for one,1200+ orders placed from here recently
Hotel Shri Chola,3.6,Pro extra 30% OFF,Flat 20% OFF,30 min,"Chinese, South Indian",₹150 for one,2400+ orders placed from here recently
ALAM Grilled Wraps,3.9,,50% OFF,40 min,"Wraps, BBQ, Fast Food, Lebanese, Shake",₹150 for one,825+ orders placed from here recently
Pizza2go4u,3.2,,,56 min,"Pizza, Burger, Sandwich",₹150 for one,850+ orders placed from here recently
Richy Rich,4.1,,60% OFF,30 min,"Ice Cream, Desserts, Fast Food, Shake",₹150 for one,2875+ orders placed from here recently
CakeBee,4.2,,Pro extra 20% OFF,45 min,"Bakery, Desserts",₹150 for one,725+ orders placed from here recently
Sri Angannan Biriyani Hotel,3.7,,30% OFF,41 min,"Biryani, South Indian, North Indian",₹150 for one,950+ orders placed from here recently
D.R. Biriyani,4.3,,,41 min,"Biryani, South Indian, Andhra",₹150 for one,700+ orders placed from here recently
Kanchan Kitchen's,4.0,Pro extra 25% OFF,₹50 OFF,41 min,"North Indian, Street Food, Desserts",₹150 for one,1700+ orders placed from here recently
Nightout,3.5,,40% OFF,57 min,"Chinese, South Indian, North Indian, Beverages",₹150 for one,2700+ orders placed from here recently
Meat And Eat,4.1,,50% OFF,42 min,"Burger, Biryani, Fast Food, Beverages",₹150 for one,1550+ orders placed from here recently
Hyderabad Biryani,4.2,,20% OFF,30 min,"Biryani, South Indian, Chinese, North Indian",₹150 for one,275+ orders placed from here recently
McDonald's,4.1,,Free McSpicy Fried Chicken - One Pc,49 min,"Burger, Fast Food, Beverages",₹150 for one,4150+ orders placed from here recently
RHR Restaurant,4.0,,60% OFF,38 min,"South Indian, Chinese, North Indian",₹150 for one,2925+ orders placed from here recently
Hotel Aryaas,4.1,,20% OFF,38 min,"South Indian, North Indian",₹150 for one,5025+ orders placed from here recently
Sharma Punjabi Restaurant,3.6,Pro extra 25% OFF,40% OFF,48 min,"Chinese, North Indian",₹150 for one,3325+ orders placed from here recently
Hotel Junior Kuppanna,3.7,,,40 min,"Biryani, South Indian, Chinese, Chettinad, Desserts, Beverages",₹150 for one,1000+ orders placed from here recently
Sree Ram Mess,4.1,,20% OFF,41 min,"South Indian, Chinese, Chettinad, Biryani, Fast Food",₹150 for one,3250+ orders placed from here recently
Sri Ganapathy Mess,4.0,,20% OFF,39 min,"South Indian, Fast Food, Chinese",₹150 for one,1425+ orders placed from here recently
Aasife Biriyani,3.8,,20% OFF,46 min,"North Indian, Chinese, Biryani, Shake",₹150 for one,1525+ orders placed from here recently
AMH Ambur Star Biriyani,4.3,,Flat 15% OFF,33 min,Biryani,₹100 for one,400+ orders placed from here recently
Hotel Chola,4.1,,Flat 10% OFF,34 min,"South Indian, Chettinad",₹100 for one,450+ orders placed from here recently
Behrouz Biryani,4.0,,At ₹249 only,43 min,"Biryani, Mughlai, Kebab",₹100 for one,1025+ orders placed from here recently
Sri Raja Biryani Hotel,4.0,,20% OFF,41 min,"South Indian, North Indian, Kebab, Biryani, Fast Food, Beverages, Tamil",₹100 for one,400+ orders placed from here recently
Geetha Cafe,4.0,,30% OFF,39 min,South Indian,₹100 for one,800+ orders placed from here recently
Hotel Penguin,4.1,,Pro extra 15% OFF,49 min,"South Indian, Chinese",₹100 for one,775+ orders placed from here recently
Hideout Cafe,3.7,Pro extra 25% OFF,30% OFF,52 min,"Coffee, Pizza, Fast Food, Sandwich, Burger, Beverages, Waffle",₹100 for one,1025+ orders placed from here recently
Pizza Hut,3.6,,30% OFF,46 min,"Pizza, Fast Food, Desserts",₹100 for one,675+ orders placed from here recently
MSR Biriyani Hotel,3.8,,20% OFF,42 min,"Biryani, North Indian, Chettinad",₹100 for one,725+ orders placed from here recently
Oyalo Pizza,4.0,,30% OFF,42 min,"Fast Food, Pizza",₹100 for one,325+ orders placed from here recently
Hangout,4.2,,40% OFF,51 min,"Arabian, Lebanese, Chinese, Biryani, Beverages, Shake",₹100 for one,5575+ orders placed from here recently
Shree Anandhaas Sweets & Snacks,4.4,,,30 min,"Mithai, Street Food, Desserts",₹100 for one,475+ orders placed from here recently
Kokkarako Biriyani And Fast Food,3.8,,20% OFF,39 min,"South Indian, Mughlai, Chinese, Biryani",₹100 for one,800+ orders placed from here recently
SRKP Chettinad Mess,4.0,Pro extra 15% OFF,20% OFF,46 min,"South Indian, Chinese, Biryani, North Indian",₹100 for one,5425+ orders placed from here recently
Zucca Pizzeria,3.4,,50% OFF,43 min,"Pizza, Fast Food, Pasta, Shake",₹100 for one,1950+ orders placed from here recently
Sri Kamalai Cockarackoo,3.8,,10% OFF,43 min,"South Indian, Chinese",₹100 for one,1625+ orders placed from here recently
Subway,4.3,,,39 min,"Healthy Food, Sandwich, Salad, Fast Food, Wraps, Beverages",₹100 for one,3125+ orders placed from here recently
Kwality Wall's Frozen Dessert And Ice Cream Shop,4.5,,40% OFF,34 min,"Ice Cream, Desserts",₹100 for one,300+ orders placed from here recently
Hotel Chola,3.8,,Flat 10% OFF,40 min,"South Indian, North Indian",₹100 for one,925+ orders placed from here recently
Yummy Restaurant,4.0,,20% OFF,42 min,"South Indian, North Indian, Chinese, Beverages",₹100 for one,2300+ orders placed from here recently
Salkara Family Restaurant,3.6,,Pro extra 25% OFF,45 min,"South Indian, Chinese, Andhra",₹100 for one,2325+ orders placed from here recently
Sri Amutha Surabi,3.9,,,38 min,South Indian,₹100 for one,1350+ orders placed from here recently
ibaco,4.3,,20% OFF,54 min,"Ice Cream, Desserts",₹100 for one,225+ orders placed from here recently
Mr Grill,4.0,,,36 min,"Arabian, South Indian",₹100 for one,150+ orders placed from here recently
Woow Biriyani,3.7,,30% OFF,37 min,"South Indian, Biryani, Chinese",₹100 for one,850+ orders placed from here recently
Aroma Bakery,4.1,,30% OFF,36 min,Bakery,₹100 for one,125+ orders placed from here recently
KCM,3.9,,,57 min,"Arabian, North Indian, Chinese, Chettinad, Biryani, Shake",₹100 for one,Restaurant partner follows WHO protocol
Sri Balaji Arul Jothi,4.1,,,40 min,"South Indian, Shake",₹100 for one,2625+ orders placed from here recently
Hotel Sri Nargani's,4.0,,,42 min,"South Indian, Chinese, Shake",₹100 for one,1550+ orders placed from here recently
Buhari Restaurant,3.4,Pro extra 20% OFF,50% OFF,43 min,"South Indian, Chinese, Biryani",₹100 for one,1825+ orders placed from here recently
Welcome Chettinadu Kitchen,3.9,,50% OFF,46 min,"South Indian, Chinese, North Indian",₹100 for one,1175+ orders placed from here recently
Hotel Sri Surya,4.0,,,42 min,"Chinese, South Indian, North Indian, Seafood, Beverages",₹100 for one,675+ orders placed from here recently
Barbeque Nation,3.9,,50% OFF,40 min,"BBQ, Chinese, North Indian, Beverages, Desserts",₹100 for one,550+ orders placed from here recently
Rock N Roll,3.7,,40% OFF,46 min,"Lebanese, Fast Food, Desserts, Juices, Beverages, Shake",₹100 for one,1700+ orders placed from here recently
Agarwal's The Sweet Shop,4.0,,,41 min,"Mithai, Street Food, North Indian, Sandwich, Desserts",₹100 for one,1975+ orders placed from here recently
Thirupathi Mess,4.2,,40% OFF,39 min,South Indian,₹100 for one,2375+ orders placed from here recently
Sms Hotels,3.8,,20% OFF,42 min,"North Indian, Chinese, South Indian, Biryani",₹200 for one,1550+ orders placed from here recently
The Cake Point,4.1,,30% OFF,61 min,Bakery,₹200 for one,100+ orders placed from here recently
House Of Pizzas,4.1,Pro extra 25% OFF,50% OFF,54 min,"Pizza, Fast Food, Beverages",₹200 for one,675+ orders placed from here recently
The Punjab Express,4.0,,10% OFF,40 min,"North Indian, Beverages",₹200 for one,1875+ orders placed from here recently
Vaskas Biriyani,4.0,Pro extra 25% OFF,40% OFF,46 min,"Biryani, South Indian, Chinese",₹200 for one,1150+ orders placed from here recently
Sree Velu Biriyani,4.0,,20% OFF,42 min,"Biryani, North Indian, Chinese",₹200 for one,600+ orders placed from here recently
Sree Subbu Mess,4.1,,30% OFF,41 min,"South Indian, North Indian, Chinese",₹200 for one,1275+ orders placed from here recently
Royal Biriyani & Fast Food,3.8,Pro extra 20% OFF,10% OFF,42 min,"Biryani, Chinese, Chettinad, North Indian, Mughlai",₹200 for one,825+ orders placed from here recently
Pandiyanadu,3.7,,40% OFF,43 min,"South Indian, Biryani, Chinese",₹200 for one,1400+ orders placed from here recently
MI - Pizza,3.6,Pro extra 30% OFF,50% OFF,54 min,"Pizza, Fast Food, Desserts, Beverages, Shake",₹200 for one,225+ orders placed from here recently
Taco Bell,3.8,,60% OFF,41 min,"Mexican, Fast Food, Wraps, Beverages",₹200 for one,1200+ orders placed from here recently
Hotel Atchaya,4.0,,,40 min,"Chettinad, South Indian, Chinese, North Indian",₹200 for one,775+ orders placed from here recently
Hotel Sri Senthura Pure Veg,3.5,,,40 min,"South Indian, Chinese, North Indian",₹50 for one,475+ orders placed from here recently
Sree Annapoorna Sweets & Savouries,4.3,,,24 min,"Mithai, Desserts, Street Food",₹50 for one,325+ orders placed from here recently
Agarwal Sweet Palace,3.9,,20% OFF,45 min,"Mithai, Street Food",₹50 for one,2950+ orders placed from here recently
Daddy Mummy Kerala Restaurant,3.6,,20% OFF,45 min,"Kerala, Chettinad, Biryani, Chinese",₹50 for one,700+ orders placed from here recently
Biggies Burger,3.8,,30% OFF,47 min,"Burger, Fast Food, Beverages",₹50 for one,975+ orders placed from here recently
EatFit,4.1,,50% OFF,41 min,"Healthy Food, North Indian, Biryani, Pizza, Burger",₹50 for one,2000+ orders placed from here recently
The Red Box,3.8,,40% OFF,49 min,"Chinese, Desserts",₹50 for one,1425+ orders placed from here recently
Street Arabiya,4.1,,20% OFF,45 min,"BBQ, Kebab, Lebanese",₹50 for one,2625+ orders placed from here recently
1C Dining,3.7,,30% OFF,41 min,"South Indian, Chinese, Lebanese, Seafood, Shake",₹50 for one,1025+ orders placed from here recently
Dood's Bite's,3.5,Pro extra 25% OFF,50% OFF,51 min,"Fast Food, Sandwich, Italian, BBQ, Lebanese, Mexican, Desserts, Beverages",₹50 for one,1600+ orders placed from here recently
Sri Krishna Bhavan Restaurant,3.9,,40% OFF,39 min,"North Indian, Chinese, Shake",₹50 for one,950+ orders placed from here recently
FB Cakes,4.0,Pro extra 20% OFF,60% OFF,40 min,"Bakery, Desserts",₹50 for one,400+ orders placed from here recently
Bakingo,3.9,,50% OFF,38 min,"Bakery, Desserts, Shake",₹250 for one,550+ orders placed from here recently
NIC - Natural Ice Creams,4.5,Pro extra 15% OFF,50% OFF,36 min,"Ice Cream, Desserts",₹250 for one,1550+ orders placed from here recently
The Belgian Waffle Co.,4.4,,20% OFF,66 min,"Desserts, Beverages, Waffle",₹250 for one,150+ orders placed from here recently
Covai Anganan Biriyani House,New,,,38 min,"Biryani, South Indian",₹250 for one,
Kovai Royal Biriyani,3.9,,30% OFF,36 min,"South Indian, Biryani, Fast Food",₹250 for one,300+ orders placed from here recently
Hotel Safaire,3.8,,30% OFF,42 min,"Seafood, Chinese, Mughlai, Kerala, Arabian",₹250 for one,1350+ orders placed from here recently
Selvamani Canteen,4.1,Pro extra 15% OFF,10% OFF,41 min,"South Indian, Biryani",₹250 for one,1025+ orders placed from here recently
Polar Bear,4.4,,,33 min,"Ice Cream, Desserts, Shake, Beverages",₹250 for one,550+ orders placed from here recently
Fipola Grill House,4.0,,30% OFF,43 min,"BBQ, Fast Food",₹250 for one,475+ orders placed from here recently
Pannaiyar Biriyani,3.4,,60% OFF,52 min,"Biryani, South Indian, Mughlai, Seafood, Tamil",₹250 for one,1325+ orders placed from here recently
Amma's Pastries,3.7,,10% OFF,31 min,"Bakery, Desserts",₹250 for one,75+ orders placed from here recently
Junior Sri Engannan Biriyani,3.4,Pro extra 25% OFF,Flat 20% OFF,46 min,"Biryani, South Indian, North Indian, Chinese",₹250 for one,625+ orders placed from here recently
Sri Trupthi Mess,4.1,Pro extra 25% OFF,10% OFF,38 min,"South Indian, Chinese",₹50 for one,1600+ orders placed from here recently
Shree Pappu Restaurant,3.8,,20% OFF,53 min,"Biryani, North Indian, Chinese, Fast Food",₹50 for one,125+ orders placed from here recently
Kanakathara,3.7,,20% OFF,36 min,"Chettinad, Chinese, Biryani, Beverages",₹50 for one,400+ orders placed from here recently
Faasos,3.9,Pro extra 10% OFF,50% OFF,41 min,"Fast Food, Rolls, Wraps, Shake",₹50 for one,1200+ orders placed from here recently
Boomerang,4.1,,,38 min,"Desserts, Ice Cream, Beverages",₹50 for one,50+ orders placed from here recently
Agarwal Sweet Palace,4.2,,60% OFF,47 min,"Fast Food, Mithai, Street Food, North Indian, Desserts",₹50 for one,1725+ orders placed from here recently
LunchBox - Meals and Thalis,3.8,Pro extra 10% OFF,40% OFF,39 min,"North Indian, Healthy Food, Shake",₹50 for one,725+ orders placed from here recently
Sri Mookambika Mess,3.8,,,32 min,"Kerala, South Indian",₹50 for one,400+ orders placed from here recently
All Seasons Vegetarian Delecacies,3.6,,20% OFF,45 min,"South Indian, North Indian, Chinese, Biryani",₹50 for one,350+ orders placed from here recently
Chitra Homely Foods,4.0,,,28 min,South Indian,₹50 for one,475+ orders placed from here recently
My Place Restaurant,4.2,,,47 min,"North Indian, South Indian, Chinese, Desserts, Beverages, Shake",₹50 for one,1400+ orders placed from here recently
Hotel Arrunnachala,3.9,,10% OFF,40 min,"North Indian, Chinese, Fast Food, Shake",₹50 for one,475+ orders placed from here recently
Taste Of Malabar,4.0,,10% OFF,38 min,"South Indian, Chinese, Kerala, Mughlai, North Indian, Shake",₹150 for one,1650+ orders placed from here recently
Covai Grills,3.9,,20% OFF,48 min,"South Indian, Chinese",₹150 for one,625+ orders placed from here recently
Nin Hao,4.0,Pro extra 15% OFF,50% OFF,48 min,"Chinese, Seafood",₹150 for one,2100+ orders placed from here recently
Friends Chettinad Mess,4.0,,10% OFF,32 min,"South Indian, Chettinad, Biryani",₹150 for one,725+ orders placed from here recently
Hotel Raahava Chettinad,3.8,,30% OFF,41 min,"North Indian, South Indian, Chinese, Chettinad",₹150 for one,400+ orders placed from here recently
Sri Krishna Sweets,4.1,,,31 min,"Mithai, Desserts",₹150 for one,
Kovai Juice Corner,4.0,,10% OFF,49 min,"Beverages, Fast Food",₹150 for one,575+ orders placed from here recently
Arunachala,3.6,,10% OFF,40 min,"Andhra, Chinese, North Indian, South Indian, Shake",₹150 for one,575+ orders placed from here recently
Linda,4.1,,Pro extra 30% OFF,56 min,"Fast Food, Sandwich, Burger, Desserts, Beverages, Shake",₹150 for one,475+ orders placed from here recently
Velu Nayaker Mess,3.8,,30% OFF,42 min,"South Indian, Chinese",₹150 for one,475+ orders placed from here recently
RHR Restaurant,3.9,,10% OFF,44 min,"South Indian, North Indian, Chinese",₹150 for one,950+ orders placed from here recently
LMN Hajiyaar Biriyani Hotel,4.1,,,41 min,"Biryani, South Indian, Chinese",₹150 for one,500+ orders placed from here recently
Falooda Hut,3.8,,10% OFF,42 min,"Desserts, Ice Cream, Beverages, Shake",₹100 for one,100+ orders placed from here recently
Bon Bon,4.2,Pro extra 30% OFF,20% OFF,32 min,"Ice Cream, Desserts, Beverages, Shake",₹100 for one,150+ orders placed from here recently
MG Mess,4.3,,,41 min,South Indian,₹100 for one,275+ orders placed from here recently
Alam BBQ & Kebabs,3.7,Pro extra 25% OFF,40% OFF,50 min,"BBQ, Italian, Kebab, Shake",₹100 for one,325+ orders placed from here recently
Aligarh House,3.7,,50% OFF,31 min,"Biryani, North Indian, Mughlai",₹100 for one,700+ orders placed from here recently
Chennai Pazhamudir Nilayam,4.1,,30% OFF,42 min,"Beverages, Juices, Shake",₹100 for one,725+ orders placed from here recently
Bowl'd,4.2,,20% OFF,45 min,South Indian,₹100 for one,1000+ orders placed from here recently
Chai Kings,3.3,,,52 min,"Beverages, Tea",₹100 for one,125+ orders placed from here recently
The Side Dish Company,4.1,,50% OFF,44 min,"South Indian, Chinese, Shake",₹100 for one,1125+ orders placed from here recently
Miami Juice World,3.8,,30% OFF,41 min,"Juices, Beverages, Fast Food, Desserts, Shake",₹100 for one,450+ orders placed from here recently
Kalapriya Takeaway Restaurant,3.8,,,56 min,Biryani,₹100 for one,250+ orders placed from here recently
Hotel Sri Lakshmi Bhavnam,3.9,,30% OFF,35 min,South Indian,₹100 for one,1000+ orders placed from here recently
Burger Bytes,3.4,Pro extra 30% OFF,30% OFF,46 min,"Fast Food, Burger, Sandwich, Beverages, Shake",₹150 for one,
Amul Ice Cream,4.4,,,35 min,"Ice Cream, Desserts",₹150 for one,75+ orders placed from here recently
MH Biriyani,4.0,,,61 min,"South Indian, Biryani",₹150 for one,75+ orders placed from here recently
Arthi Chettinad,3.6,,40% OFF,42 min,South Indian,₹150 for one,400+ orders placed from here recently
Red Door,3.6,,60% OFF,42 min,"Fast Food, Beverages",₹150 for one,625+ orders placed from here recently
Yumlane Pizza,3.9,,40% OFF,28 min,"Pizza, Desserts, Pasta, Beverages, Ice Cream",₹150 for one,200+ orders placed from here recently
JR Cakes & Bakes,4.1,,20% OFF,40 min,"Bakery, Desserts, Shake",₹150 for one,2025+ orders placed from here recently
SR Kokarakko,4.0,,10% OFF,30 min,"Biryani, Fast Food",₹150 for one,225+ orders placed from here recently
The Good Bowl,4.0,Pro extra 10% OFF,40% OFF,42 min,"North Indian, Asian, Biryani, Shake",₹150 for one,375+ orders placed from here recently
Big Fat Burger,4.1,,50% OFF,43 min,"Burger, Sandwich, Wraps, Fast Food, Desserts, Ice Cream, Beverages, Shake",₹150 for one,625+ orders placed from here recently
Vijay Chettinad Mess,3.9,,10% OFF,38 min,Biryani,₹150 for one,250+ orders placed from here recently
Garrison Tavern,3.4,,50% OFF,49 min,"Lebanese, Chinese, Arabian",₹150 for one,1150+ orders placed from here recently
Burger Tree,4.2,,,50 min,"Fast Food, Burger, Sandwich, Desserts, Beverages, Shake",₹200 for one,1050+ orders placed from here recently
CakeZone,3.9,Pro extra 10% OFF,60% OFF,50 min,"Bakery, Desserts",₹200 for one,825+ orders placed from here recently
Yari,4.1,,10% OFF,44 min,"North Indian, Chinese, Street Food, Fast Food, Beverages, Shake",₹200 for one,1075+ orders placed from here recently
The Biryani Life,3.3,Pro extra 10% OFF,40% OFF,36 min,"Biryani, North Indian",₹200 for one,225+ orders placed from here recently
A To Z Palamudir Nilayam,4.2,,Flat 20% OFF,22 min,"Salad, Beverages, Shake",₹200 for one,275+ orders placed from here recently
Lakshmi Mess,4.0,,30% OFF,46 min,"South Indian, Chinese, Biryani",₹200 for one,575+ orders placed from here recently
Al Maas Biriyani House,3.9,,40% OFF,40 min,Biryani,₹200 for one,500+ orders placed from here recently
Raj Bhavan's Lunchbox,3.7,,50% OFF,38 min,"North Indian, South Indian, Chinese, Kebab, Biryani",₹200 for one,500+ orders placed from here recently
Shree Aboorvaas Pure Veg Restaurant,3.9,,20% OFF,40 min,"South Indian, North Indian, Chinese, Fast Food, Street Food",₹200 for one,350+ orders placed from here recently
Thambiyannan Biriyani Hotel,3.5,Pro extra 25% OFF,20% OFF,33 min,"Biryani, South Indian",₹200 for one,625+ orders placed from here recently
Thepan Tiffin Stall,4.1,,10% OFF,42 min,South Indian,₹200 for one,350+ orders placed from here recently
Live Cakes,4.2,,20% OFF,43 min,"Bakery, Fast Food, Desserts",₹200 for one,475+ orders placed from here recently
Mr Kolambu,4.1,,,37 min,South Indian,₹100 for one,200+ orders placed from here recently
Boom Cafe,3.6,,50% OFF,41 min,"Cafe, Fast Food, Beverages",₹100 for one,450+ orders placed from here recently
Jeep BBQ,3.6,,50% OFF,53 min,"BBQ, Fast Food, Sandwich, Burger",₹100 for one,525+ orders placed from here recently
Fort View Multicusine Restaurant,4.2,,10% OFF,36 min,"South Indian, Biryani, Chinese",₹100 for one,150+ orders placed from here recently
The London Shakes,3.7,Pro extra 30% OFF,40% OFF,53 min,"Beverages, Fast Food",₹100 for one,300+ orders placed from here recently
IMI Biriyani Hut,3.9,,50% OFF,37 min,"South Indian, Biryani",₹100 for one,725+ orders placed from here recently
Hotel Sri Madurai Meenakshi,4.0,,30% OFF,53 min,"Chettinad, Chinese, South Indian",₹100 for one,275+ orders placed from here recently
Velan Kaappi,3.9,Pro extra 30% OFF,50% OFF,36 min,"Beverages, Tea, Coffee",₹100 for one,975+ orders placed from here recently
Hidden Fork,4.0,,10% OFF,60 min,"Burger, Sandwich, Fast Food, Pizza, Beverages, Shake",₹100 for one,550+ orders placed from here recently
Bamboo - Pan Asian,4.3,,10% OFF,46 min,Chinese,₹100 for one,825+ orders placed from here recently
Just Bake,4.4,,60% OFF,36 min,"Bakery, Desserts",₹100 for one,525+ orders placed from here recently
Side Dish Factory,3.6,,50% OFF,41 min,"Chinese, Fast Food",₹100 for one,525+ orders placed from here recently
Oven Fresh,4.0,,20% OFF,42 min,"Bakery, Desserts",₹400 for one,375+ orders placed from here recently
Original Nellai Periya Lala Corner Sweets,4.0,,,24 min,"Mithai, Street Food",₹400 for one,
Hotel Hari's,4.1,,10% OFF,44 min,"South Indian, Chinese",₹400 for one,625+ orders placed from here recently
Four Cups Fusion Veg Dining,3.7,Pro extra 20% OFF,50% OFF,42 min,"North Indian, Chinese, South Indian, Shake",₹400 for one,425+ orders placed from here recently
Gharwala Zaika,3.6,,30% OFF,56 min,"North Indian, Beverages",₹400 for one,450+ orders placed from here recently
Oceana Hotel,3.4,,,47 min,"North Indian, Chinese, South Indian, BBQ, Seafood, Biryani, Shake",₹400 for one,350+ orders placed from here recently
Famous Jigarthanda,4.3,,30% OFF,40 min,Beverages,₹400 for one,200+ orders placed from here recently
Just Bake,4.5,,60% OFF,33 min,"Bakery, Desserts, Fast Food",₹400 for one,525+ orders placed from here recently
Famous Biryani House,4.3,,50% OFF,24 min,Biryani,₹400 for one,300+ orders placed from here recently
AB's - Absolute Barbecue,3.2,Pro extra 10% OFF,60% OFF,48 min,"North Indian, BBQ, Mediterranean",₹400 for one,275+ orders placed from here recently
Shree Kulfi,4.7,,,36 min,"Ice Cream, Desserts",₹400 for one,125+ orders placed from here recently
Thinaiyamuthu Millet Restaurant,3.3,,20% OFF,41 min,South Indian,₹400 for one,475+ orders placed from here recently
Chai n Gupshup,3.9,Pro extra 25% OFF,20% OFF,41 min,"Street Food, Fast Food, Sandwich",₹100 for one,700+ orders placed from here recently
Kolapasi,3.9,,40% OFF,40 min,"South Indian, Biryani, North Indian",₹100 for one,550+ orders placed from here recently
Sweet Truth - Cake and Desserts,4.2,Pro extra 10% OFF,40% OFF,39 min,"Bakery, Desserts, Cafe",₹100 for one,350+ orders placed from here recently
Suchow Chinese Restaurant,4.1,,,48 min,"Chinese, Seafood",₹100 for one,500+ orders placed from here recently
Peking,3.9,,,44 min,"Chinese, Fast Food, Seafood",₹100 for one,175+ orders placed from here recently
Hotel Shri Chola,3.5,Pro extra 25% OFF,Flat 20% OFF,40 min,"South Indian, Chinese, North Indian",₹100 for one,300+ orders placed from here recently
Kovai Angatha Briyani,3.8,,Flat 10% OFF,36 min,"South Indian, Chinese, Biryani",₹100 for one,125+ orders placed from here recently
Famous Jigarthanda,3.9,,40% OFF,37 min,"Ice Cream, Beverages",₹100 for one,225+ orders placed from here recently
SK Supercook,3.8,,,37 min,"North Indian, Mughlai, Biryani, Chinese, South Indian",₹100 for one,225+ orders placed from here recently
Hotel Annalakshmi,4.1,,20% OFF,39 min,"Chettinad, South Indian, Chinese, North Indian",₹100 for one,725+ orders placed from here recently
3 Monkey's Cafe,4.2,,20% OFF,58 min,"Beverages, Fast Food, Shake",₹100 for one,325+ orders placed from here recently
Momolicious,4.0,,50% OFF,55 min,"Chinese, Momos, Fast Food, Beverages, Shake",₹100 for one,1425+ orders placed from here recently
Big Fat Burger,4.0,,50% OFF,31 min,"Fast Food, Burger, Sandwich, Momos, Shake",₹150 for one,500+ orders placed from here recently
Acshayaa Homely Variety Meals,3.5,,,44 min,"Chinese, Tamil, Kebab",₹150 for one,
Fox And Crow,3.5,,40% OFF,47 min,"Mexican, Fast Food, Desserts, Beverages, Italian",₹150 for one,350+ orders placed from here recently
AHM Multicuisine Restaurant,4.3,,40% OFF,50 min,"North Indian, South Indian, Chinese, Beverages, Shake",₹150 for one,200+ orders placed from here recently
The Cascade Restaurant,3.9,,,44 min,"Chinese, Momos, Seafood",₹150 for one,675+ orders placed from here recently
Mani Mess,3.8,,Flat 20% OFF,32 min,South Indian,₹150 for one,350+ orders placed from here recently
Fb Cakes,4.2,Pro extra 20% OFF,60% OFF,36 min,Bakery,₹150 for one,350+ orders placed from here recently
China Valley Chinese Restaurant,3.7,Pro extra 15% OFF,50% OFF,40 min,"Chinese, Seafood",₹150 for one,1675+ orders placed from here recently
Fresh Bakes,4.2,Pro extra 20% OFF,60% OFF,35 min,"Bakery, Desserts",₹150 for one,400+ orders placed from here recently
Elai Parotta,4.4,,50% OFF,31 min,North Indian,₹150 for one,175+ orders placed from here recently
Intervals,4.1,,10% OFF,67 min,"Fast Food, Burger, Sandwich, Beverages",₹150 for one,200+ orders placed from here recently
King Kong Biryani,New,,50% OFF,38 min,"Biryani, South Indian",₹150 for one,200+ orders placed from here recently
Cakes N Creams,4.3,,10% OFF,50 min,"Bakery, Fast Food, Shake",₹100 for one,100+ orders placed from here recently
Belly's Thick Shake,4.4,,20% OFF,42 min,"Beverages, Shake",₹100 for one,300+ orders placed from here recently
Mr. Milkshakes,3.1,,30% OFF,42 min,"Beverages, Fast Food, Shake",₹100 for one,375+ orders placed from here recently
Fruit Shop On Greams Road,4.6,,,40 min,"Beverages, Desserts, Sandwich, Shake",₹100 for one,925+ orders placed from here recently
Cafe Coffee Day,3.6,,60% OFF,46 min,"Coffee, Fast Food, Desserts, Beverages",₹100 for one,150+ orders placed from here recently
Baskin Robbins,4.3,,Flat 15% OFF,38 min,"Ice Cream, Desserts, Beverages, Shake",₹100 for one,475+ orders placed from here recently
Tapriwala - The Contemporary Tea Cafe,4.1,,10% OFF,52 min,"Fast Food, Sandwich, Street Food, Tea, Beverages, Shake",₹100 for one,925+ orders placed from here recently
Siruvani Hotel - Veg & Non Veg,4.1,,,35 min,South Indian,₹100 for one,400+ orders placed from here recently
Browse N Joy,3.8,,10% OFF,43 min,"Fast Food, Shake",₹100 for one,225+ orders placed from here recently
Nani's Kitchen,3.6,,40% OFF,49 min,"South Indian, Biryani",₹100 for one,175+ orders placed from here recently
Sri Kamatchi Pattukottai Mess,3.2,,Flat 20% OFF,34 min,South Indian,₹100 for one,150+ orders placed from here recently
Kovai Pazhamudhir Nilayam,4.2,,,45 min,"Beverages, Juices, Shake",₹100 for one,250+ orders placed from here recently
Refuel,4.2,,20% OFF,52 min,"Fast Food, Beverages, Shake",₹100 for one,450+ orders placed from here recently
Mr Kovai Chettinadu Restaurant,3.6,,30% OFF,52 min,"Chinese, Chettinad, South Indian, Biryani, Seafood",₹100 for one,Follows all Max Safety measures to ensure your food is safe
Thozha Restaurant,3.6,,50% OFF,45 min,"South Indian, North Indian, Chinese, Fast Food",₹100 for one,375+ orders placed from here recently
Rock Stone Ice Cream Factory,4.0,,40% OFF,29 min,"Desserts, Ice Cream, Beverages",₹100 for one,475+ orders placed from here recently
Dawn Coffee Shop,3.4,,40% OFF,46 min,"Beverages, Shake",₹100 for one,300+ orders placed from here recently
Shivanjali Cafe,4.3,,,48 min,Malaysian,₹100 for one,200+ orders placed from here recently
Siraj Biriyani,3.4,,Pro extra 25% OFF,42 min,"Biryani, South Indian, Chinese",₹100 for one,Follows all Max Safety measures to ensure your food is safe
FOODVILLE,3.4,,60% OFF,53 min,"Mexican, Fast Food, Beverages",₹100 for one,375+ orders placed from here recently
Hot Cheese Pizza,-,,30% OFF,46 min,"Pizza, Fast Food, Beverages",₹100 for one,
The Hungry Helpers,4.0,,20% OFF,46 min,"Fast Food, Burger, Momos, Sandwich, Wraps, Seafood, Beverages, Shake",₹100 for one,300+ orders placed from here recently
Grillland,3.1,,25% OFF,56 min,"BBQ, Lebanese, Sandwich, Momos, Fast Food, Ice Cream, Beverages, Shake",₹100 for one,75+ orders placed from here recently
Le'andra,4.2,,10% OFF,52 min,"Fast Food, Shake",₹100 for one,850+ orders placed from here recently
Firangi Bake,4.2,Pro extra 10% OFF,40% OFF,59 min,"Italian, Mexican, Fast Food",₹250 for one,200+ orders placed from here recently
Cream Centre,3.9,,30% OFF,48 min,"North Indian, Chinese, Italian, Mexican, Shake",₹250 for one,550+ orders placed from here recently
Burger Bro,3.4,Pro extra 25% OFF,40% OFF,47 min,"Burger, Arabian, Fast Food, Street Food, Shake",₹250 for one,75+ orders placed from here recently
Queen India Biryani Corner,-,,10% OFF,33 min,Biryani,₹250 for one,
Superstar Pizza,4.0,,40% OFF,38 min,"Pizza, Burger, Sandwich, Continental, Fast Food, Beverages, Desserts",₹250 for one,400+ orders placed from here recently
Hotel Nalan,3.9,,30% OFF,39 min,South Indian,₹250 for one,325+ orders placed from here recently
Ashoka Kitchen,3.8,,10% OFF,62 min,South Indian,₹250 for one,175+ orders placed from here recently
Kites Cafe,3.7,Pro extra 25% OFF,40% OFF,45 min,"Italian, Fast Food, Healthy Food, Beverages, Shake",₹250 for one,275+ orders placed from here recently
Hotel Annalakshmi,4.0,,20% OFF,28 min,"South Indian, Chinese, Biryani",₹250 for one,100+ orders placed from here recently
Caramel Bakes,4.2,,10% OFF,37 min,"Bakery, Fast Food, Shake",₹250 for one,175+ orders placed from here recently
Café CakeBee,4.1,,30% OFF,49 min,"Italian, Fast Food, Healthy Food, Desserts, Beverages, Pasta, Shake",₹250 for one,550+ orders placed from here recently
Tiffin House,4.0,,,32 min,South Indian,₹250 for one,425+ orders placed from here recently
Selvamani Sweets,3.8,,10% OFF,40 min,"Mithai, Street Food",₹150 for one,125+ orders placed from here recently
Aryaas,4.6,,,23 min,"South Indian, Chinese",₹150 for one,75+ orders placed from here recently
Cakes by Chocolates,4.6,,,24 min,"Bakery, Desserts",₹150 for one,475+ orders placed from here recently
Madurai Jigarthanda,4.2,,,32 min,"Beverages, Healthy Food",₹150 for one,50+ orders placed from here recently
Murugan Tiffin House,4.1,,40% OFF,39 min,"South Indian, Street Food",₹150 for one,575+ orders placed from here recently
The Lassi Corner,3.3,,30% OFF,39 min,"Beverages, Ice Cream, Fast Food, Desserts, Shake",₹150 for one,100+ orders placed from here recently
Gustovita,4.7,,30% OFF,40 min,"Ice Cream, Desserts",₹150 for one,50+ orders placed from here recently
IDC Kitchen,4.1,,20% OFF,41 min,South Indian,₹150 for one,1075+ orders placed from here recently
Dil Se,3.5,,10% OFF,47 min,"North Indian, Chinese, Fast Food, Beverages, Street Food, Shake",₹150 for one,125+ orders placed from here recently
Suna Pana 007,3.4,,30% OFF,39 min,"Chinese, North Indian",₹150 for one,125+ orders placed from here recently
Sri Balaji Homely Mess,-,,,36 min,"South Indian, Seafood, Andhra, Mughlai",₹150 for one,
Sai Brindhavan,4.1,,,39 min,South Indian,₹150 for one,425+ orders placed from here recently
The Hungry Hut,4.2,,,33 min,"Fast Food, Beverages, Burger, Sandwich, Juices, Shake",₹100 for one,100+ orders placed from here recently
Hotel Aryaas,3.0,,,45 min,"Chinese, South Indian",₹100 for one,Follows all Max Safety measures to ensure your food is safe
Orignal Nellai Periya Lala Corner Sweets,4.0,,,20 min,"Mithai, Desserts",₹100 for one,75+ orders placed from here recently
Rashi Sandwich Corner,4.3,,,41 min,"Fast Food, Sandwich, Beverages",₹100 for one,200+ orders placed from here recently
Big Belly Deli,4.4,,,48 min,"Fast Food, Sandwich, Desserts, Beverages, Shake",₹100 for one,350+ orders placed from here recently
Urban Treats,3.3,,Flat 50% OFF,53 min,"Biryani, South Indian",₹100 for one,
Rice N Spice,3.9,,30% OFF,30 min,"North Indian, South Indian, Chinese",₹100 for one,100+ orders placed from here recently
Easan Bakes,3.9,,20% OFF,46 min,"Bakery, Desserts, Chinese, Juices, Beverages",₹100 for one,550+ orders placed from here recently
Bhatija's Kitchen,3.5,,,49 min,"Chinese, North Indian, Salad, Fast Food, Street Food",₹100 for one,200+ orders placed from here recently
Olive n' Basil,3.6,,30% OFF,49 min,"Italian, Pizza, Continental, Shake",₹100 for one,50+ orders placed from here recently
Balle Balle,3.9,,10% OFF,50 min,"Chinese, North Indian, Kebab, Seafood, Mughlai, Desserts, Beverages, Shake",₹100 for one,325+ orders placed from here recently
Dosa Darbar,3.7,,40% OFF,27 min,"South Indian, Chinese",₹100 for one,150+ orders placed from here recently
That's Y Food,4.0,,,47 min,"North Indian, Biryani, Italian, Mughlai, Desserts, Beverages",₹350 for one,300+ orders placed from here recently
Nin Hao Chinese Restaurant,3.8,,50% OFF,52 min,"Chinese, Rolls, Momos, Mughlai, Seafood",₹350 for one,500+ orders placed from here recently
Waffles And Cream,3.7,,20% OFF,62 min,"Ice Cream, Desserts",₹350 for one,50+ orders placed from here recently
Khan Saheb Grills And Rolls,3.6,,,44 min,"North Indian, Mughlai, Rolls, Biryani",₹350 for one,650+ orders placed from here recently
Roll Over Ice Creams,4.0,,20% OFF,39 min,"Ice Cream, Bakery, Beverages, Desserts, Fast Food, Shake",₹350 for one,50+ orders placed from here recently
Easwari Chinese Fast Food,3.6,,30% OFF,46 min,Chinese,₹350 for one,350+ orders placed from here recently
Frozen Bottle,3.3,Pro extra 20% OFF,30% OFF,34 min,"Beverages, Desserts, Ice Cream, Shake",₹350 for one,75+ orders placed from here recently
Cake & Cafe,3.7,,30% OFF,42 min,"Bakery, Fast Food, Beverages, Shake",₹350 for one,100+ orders placed from here recently
Blenders Inc.,4.2,,30% OFF,42 min,"Beverages, Desserts, Fast Food, Waffle, Shake",₹350 for one,250+ orders placed from here recently
KR Bakes,3.7,,,41 min,"Chinese, Biryani, North Indian",₹350 for one,50+ orders placed from here recently
Sree Annapoorna Sweets & Snacks,4.2,,,36 min,"Mithai, Street Food, Desserts",₹350 for one,125+ orders placed from here recently
Rolling Dough Cafe,4.2,,20% OFF,34 min,"Continental, American, Italian, Fast Food, Desserts, Beverages",₹350 for one,250+ orders placed from here recently
Cookie Man,4.4,,40% OFF,39 min,"Bakery, Desserts, Shake",₹100 for one,100+ orders placed from here recently
ChipMi Foods,-,,,45 min,"Chinese, North Indian, Fast Food",₹100 for one,
Annapoorana Tiffen Center,4.0,,30% OFF,39 min,South Indian,₹100 for one,125+ orders placed from here recently
Dainty's Afresh,4.0,,,45 min,"Bakery, Desserts, Fast Food, Sandwich",₹100 for one,225+ orders placed from here recently
Jacket Potatoes - English Foodbar,3.8,,20% OFF,49 min,"Lebanese, Fast Food, Shake",₹100 for one,100+ orders placed from here recently
Madurai Vilakkuthoon Hanifa Jigarthanda,3.8,,10% OFF,29 min,"Beverages, Desserts, Ice Cream",₹100 for one,125+ orders placed from here recently
Kulfistan,3.9,,10% OFF,40 min,"Ice Cream, Beverages",₹100 for one,75+ orders placed from here recently
KR Bakes Restaurant,3.5,,10% OFF,27 min,"North Indian, South Indian",₹100 for one,150+ orders placed from here recently
Kebabq,4.0,,10% OFF,41 min,"Kebab, Shake",₹100 for one,225+ orders placed from here recently
Cafe Totaram,4.0,,,52 min,"Fast Food, Beverages, Desserts, Shake",₹100 for one,325+ orders placed from here recently
SLAY Coffee,3.8,,60% OFF,30 min,"Coffee, Beverages, Desserts, Ice Cream, Shake",₹100 for one,150+ orders placed from here recently
Noruks,-,,,32 min,"Mithai, Street Food, Shake",₹100 for one,
Azhagar Mess,4.4,,Flat 20% OFF,29 min,South Indian,₹50 for one,100+ orders placed from here recently
Fresh Fusion,3.6,,10% OFF,52 min,"Juices, Beverages, Shake",₹50 for one,
Bocs Pizza,2.9,,,58 min,"Pizza, Fast Food",₹50 for one,
Zamorin Cafe,3.9,Pro extra 15% OFF,Flat 10% OFF,51 min,"Chinese, North Indian, Seafood, South Indian, Biryani",₹50 for one,Follows all Max Safety measures to ensure your food is safe
Charminar Biryani,-,,,54 min,Biryani,₹50 for one,Follows all Max Safety measures to ensure your food is safe
Call For Cake,4.3,,,42 min,Bakery,₹50 for one,
La Mensa Ethnic Italian,3.0,,30% OFF,51 min,"Italian, Pizza",₹50 for one,50+ orders placed from here recently
Hotel Kovai Paradise,-,,50% OFF,45 min,"South Indian, Biryani, Chinese",₹50 for one,
B2B The Fried Chicken,4.0,,40% OFF,44 min,"Burger, Fast Food, Beverages, Shake",₹50 for one,
The French Door Cafe & Restaurant,4.1,,,58 min,"Continental, North Indian, French, Beverages, Desserts, Shake",₹50 for one,75+ orders placed from here recently
Ocean's Lounge,2.6,,,50 min,"Seafood, South Indian, Chinese, Fast Food, Desserts, Beverages, Shake",₹50 for one,Restaurant partner follows WHO protocol
Sree Annapoorna Sweets & Savouries,4.0,,,30 min,"Mithai, Fast Food",₹50 for one,100+ orders placed from here recently
Bina's Kitchen By Indriya Foods,3.7,,10% OFF,49 min,South Indian,₹100 for one,175+ orders placed from here recently
Apupa,-,,20% OFF,42 min,"Bakery, Desserts, Fast Food, Beverages, Shake",₹100 for one,Follows all Max Safety measures to ensure your food is safe
Pavizham Restaurant,3.7,,20% OFF,45 min,"South Indian, North Indian, Chinese",₹100 for one,1150+ orders placed from here recently
Diner's Park,4.1,,Flat 20% OFF,59 min,"Fast Food, Tamil, Chinese, North Indian, Seafood, Shake",₹100 for one,75+ orders placed from here recently
Shakespeer & Yumla,4.3,,40% OFF,51 min,"Burger, Fast Food, Beverages, Shake",₹100 for one,125+ orders placed from here recently
Ifthar Hot Kitchen,New,,40% OFF,43 min,"Kerala, South Indian, Chinese, Seafood",₹100 for one,75+ orders placed from here recently
Briyani Crushh,4.0,,50% OFF,42 min,"Biryani, North Indian, Lebanese, Beverages, Shake",₹100 for one,
Kovai SM Fast Food & Biriyani,4.4,,,32 min,"South Indian, Chinese, Biryani",₹100 for one,50+ orders placed from here recently
Dot Berrys,4.2,,50% OFF,45 min,"Cafe, Fast Food, Bakery, Beverages, Shake",₹100 for one,100+ orders placed from here recently
The Budapest Bakehouse,4.0,,10% OFF,38 min,"Desserts, Fast Food, Beverages",₹100 for one,150+ orders placed from here recently
Eat Italiano,3.3,,40% OFF,43 min,"Italian, Mexican, Desserts",₹100 for one,300+ orders placed from here recently
Mom's Chicken,4.2,,,43 min,"Burger, Sandwich, Wraps, Fast Food, Beverages, Shake",₹100 for one,Follows all Max Safety measures to ensure your food is safe
Pizza Craft,New,,50% OFF,58 min,"Italian, Fast Food, Pizza, Burger, Beverages",₹200 for one,50+ orders placed from here recently
Pizza 997 AD,3.8,,30% OFF,40 min,Pizza,₹200 for one,50+ orders placed from here recently
Express By ABs,3.2,Pro extra 10% OFF,60% OFF,43 min,"North Indian, Biryani",₹200 for one,175+ orders placed from here recently
Thinaiyamuthu Restaurant,4.0,,,53 min,"North Indian, South Indian, Continental, Fast Food, Chinese, Beverages, Desserts, Shake",₹200 for one,50+ orders placed from here recently
Biryani Dekshaaa,3.2,,20% OFF,42 min,"Chettinad, Biryani",₹200 for one,
Bellyfull Restocafe,4.1,,Flat 15% OFF,45 min,"Fast Food, Shake",₹200 for one,50+ orders placed from here recently
Kongunadu Virundhu,3.9,,50% OFF,45 min,"South Indian, Biryani",₹200 for one,Follows all Max Safety measures to ensure your food is safe
Sree Vigneshwara Sweets And Bakes,-,,,36 min,"Bakery, Mithai, Fast Food, Desserts",₹200 for one,
Ice Max,-,,,49 min,"Beverages, Ice Cream, Desserts",₹200 for one,
Corner@58- The Food Place,4.0,,,34 min,"Beverages, Desserts, Shake",₹200 for one,
Dosagram,3.4,,20% OFF,66 min,South Indian,₹200 for one,75+ orders placed from here recently
K.R. Bakes & Restaurant,-,,,47 min,"Bakery, South Indian",₹200 for one,75+ orders placed from here recently
Eyargai Biriyani Mess,3.4,,Pro extra 30% OFF,49 min,"South Indian, Chinese, Biryani",₹50 for one,
Hotel Irani,3.0,,20% OFF,39 min,"North Indian, Mughlai, South Indian",₹50 for one,
The Beeda Specialist,4.4,,30% OFF,39 min,Paan,₹50 for one,100+ orders placed from here recently
Nanjai Virundhu,3.0,,,52 min,"South Indian, Tamil",₹50 for one,
Biryani House,-,,,59 min,"Biryani, Chinese, South Indian",₹50 for one,
Bombay Kulfi,4.2,,20% OFF,37 min,"Desserts, Ice Cream",₹50 for one,50+ orders placed from here recently
Kaapi Express,4.0,,Flat 20% OFF,36 min,"Tea, Continental, Beverages, North Indian, Desserts",₹50 for one,300+ orders placed from here recently
Sidh's Cafe,3.7,,,47 min,"Fast Food, Sandwich, Desserts, Juices, Beverages, Shake",₹50 for one,Restaurant partner follows WHO protocol
Char Grills,3.6,Pro extra 25% OFF,30% OFF,46 min,"Chinese, Kebab, BBQ",₹50 for one,50+ orders placed from here recently
Ayyanar Mess,-,,₹100 OFF,52 min,Chettinad,₹50 for one,50+ orders placed from here recently
Rahman Briyani,New,,,40 min,"Biryani, Chinese, BBQ",₹50 for one,
Happy Home Food,3.9,,20% OFF,56 min,South Indian,₹50 for one,75+ orders placed from here recently
Wills Kitchen,4.1,,50% OFF,43 min,"Chinese, Asian, Malaysian, Thai",₹300 for one,200+ orders placed from here recently
Vintage Bakery,-,,20% OFF,41 min,"Bakery, Fast Food",₹300 for one,
Red Bowl,-,,,48 min,"Desserts, Bakery, Mithai, Street Food",₹300 for one,
Manjappai Unavagam,4.0,,,30 min,"South Indian, Chinese",₹300 for one,75+ orders placed from here recently
Namma Veedu Paniyaram,3.8,,,54 min,"South Indian, Beverages",₹300 for one,325+ orders placed from here recently
Koyan Kafe,3.3,,,42 min,"Chinese, Fast Food, Beverages, Shake",₹300 for one,
PRK Icecream Store,4.0,,,50 min,"Ice Cream, Shake",₹300 for one,
OK Chips,-,,,55 min,"Mithai, Desserts",₹300 for one,
China Valley Restaurant,4.1,,50% OFF,43 min,Chinese,₹300 for one,300+ orders placed from here recently
Lisa Pizza,3.0,,,67 min,"Italian, Fast Food, Beverages, Shake",₹300 for one,
KCM Fried Chicken,-,,,53 min,"Chinese, Burger, Sandwich, Wraps, Fast Food",₹300 for one,50+ orders placed from here recently
Dessert Forest,4.1,,60% OFF,49 min,"Desserts, Fast Food, Bakery",₹300 for one,
JK Hotels,3.2,,,52 min,"North Indian, South Indian, Chinese",₹200 for one,50+ orders placed from here recently
Cafe Totaram,-,,60% OFF,55 min,"Fast Food, Pizza, North Indian, Beverages",₹200 for one,
Murali Restaurant,4.1,,,33 min,"South Indian, Mughlai, Seafood, Tamil",₹200 for one,250+ orders placed from here recently
The Great Wall Of China,3.0,,50% OFF,63 min,"North Indian, Chinese",₹200 for one,75+ orders placed from here recently
Annavilaas,3.6,,30% OFF,34 min,"South Indian, Street Food",₹200 for one,175+ orders placed from here recently
Pazhamudir's Pure & Natural,3.9,,,34 min,"Juices, Desserts, Salad, Shake",₹200 for one,225+ orders placed from here recently
Bazaar - Zone By The Park,3.1,Pro extra 30% OFF,40% OFF,48 min,"Cafe, North Indian, Chinese, Italian, Continental, American, Thai, South Indian",₹200 for one,100+ orders placed from here recently
Only Biryani,4.0,,,29 min,"Mughlai, Biryani",₹200 for one,
JN Foods And Mesmerice Icecream,3.4,,20% OFF,47 min,"Desserts, Ice Cream",₹200 for one,
Zwarma,3.4,,,54 min,"Lebanese, Fast Food, Beverages",₹200 for one,200+ orders placed from here recently
Mumbai Kulfi,3.2,,20% OFF,52 min,"Desserts, Ice Cream, Shake",₹200 for one,Restaurant partner follows WHO protocol
Fried Chicken Dinner,-,,,57 min,Fast Food,₹200 for one,
Hotel Siruvani,4.0,,Pro extra 25% OFF,,"South Indian, North Indian, Chinese",₹100 for one,400+ orders placed from here recently
Aachi Foods,3.7,,10% OFF,,South Indian,₹100 for one,125+ orders placed from here recently
S A P Book Stall And Beeda Stall,4.2,,10% OFF,,Paan,₹100 for one,
Zucceria,4.2,,60% OFF,,"Pizza, Pasta, Fast Food, Beverages",₹100 for one,200+ orders placed from here recently
Hot Chips,3.2,,,,Street Food,₹100 for one,275+ orders placed from here recently
Piazza,3.5,,50% OFF,,"Pizza, Desserts, Beverages, Fast Food, Chinese",₹100 for one,125+ orders placed from here recently
Dubai Knights,4.0,,,,"Lebanese, Arabian",₹100 for one,
Shawarmaan,4.0,,30% OFF,,"Lebanese, Fast Food, Beverages",₹100 for one,75+ orders placed from here recently
Rotolo,3.9,,,,"Beverages, Bubble Tea, Ice Cream",₹100 for one,50+ orders placed from here recently
Umas Kitchen,4.0,,,62 min,"South Indian, Fast Food",₹100 for one,175+ orders placed from here recently
Deepti Biryani,New,,30% OFF,50 min,"Biryani, South Indian",₹100 for one,
Shifa Food Paradise,3.4,,20% OFF,42 min,"North Indian, Chinese, Lebanese",₹100 for one,
Feel Well,4.3,,10% OFF,42 min,"Desserts, Ice Cream, Juices, Beverages, Shake",₹200 for one,875+ orders placed from here recently
Big Chips,3.0,,20% OFF,51 min,"Fast Food, Street Food",₹200 for one,125+ orders placed from here recently
Lassi Club,4.0,,40% OFF,40 min,Beverages,₹200 for one,50+ orders placed from here recently
Sri Murugan Canteen,4.3,,40% OFF,44 min,South Indian,₹200 for one,50+ orders placed from here recently
Sun Catering Services,-,,30% OFF,50 min,"South Indian, North Indian, Chinese, Beverages",₹200 for one,
Chettinad Canteen,4.3,,,52 min,"Chettinad, South Indian, Desserts",₹200 for one,100+ orders placed from here recently
INOX,-,,50% OFF,48 min,"Fast Food, Street Food",₹200 for one,50+ orders placed from here recently
Hungry Hut,-,,,53 min,"Burger, Sandwich, Fast Food, Beverages, Shake",₹200 for one,50+ orders placed from here recently
Tibb's Frankie,New,,60% OFF,31 min,Rolls,₹200 for one,75+ orders placed from here recently
Original Nellai Periya Lal Corner Sweets,-,,,40 min,"Street Food, Mithai, Desserts",₹200 for one,
Sri Kaappi,3.5,,,35 min,"South Indian, Beverages",₹200 for one,150+ orders placed from here recently
Signature Bowls By Diner Cafe,-,,30% OFF,52 min,"South Indian, Fast Food, Chinese, North Indian, Beverages, Shake",₹200 for one,50+ orders placed from here recently
Mahi's Menu,New,,20% OFF,42 min,"Lebanese, North Indian, Biryani",₹150 for one,
Kongu Foods,-,,Flat 20% OFF,64 min,"Chinese, South Indian",₹150 for one,
Ueir Organic Foods,-,,,51 min,"Mithai, Street Food",₹150 for one,Follows all Max Safety measures to ensure your food is safe
Great Indian Khichdi,New,,Flat 30% OFF,51 min,North Indian,₹150 for one,
Gurus Adupadi,-,,20% OFF,33 min,South Indian,₹150 for one,75+ orders placed from here recently
Seazonbuds Restaurant,3.8,,Flat 20% OFF,33 min,"Tamil, South Indian, Chinese",₹150 for one,50+ orders placed from here recently
Shakeology,-,,30% OFF,45 min,"Beverages, Desserts, Fast Food",₹150 for one,50+ orders placed from here recently
Fakhri Fast Food,3.6,Pro extra 20% OFF,30% OFF,53 min,"Biryani, Rolls, North Indian",₹150 for one,
Momocita,-,,30% OFF,49 min,"Momos, Fast Food, Beverages",₹150 for one,125+ orders placed from here recently
Gt 12 To 12,3.2,,50% OFF,41 min,"Fast Food, Mughlai, Lebanese, Chinese",₹150 for one,225+ orders placed from here recently
Fabcafe By Fabindia,3.9,,60% OFF,42 min,"Beverages, North Indian, Wraps, Healthy Food",₹150 for one,125+ orders placed from here recently
Hotel Chinthamani,3.7,,,38 min,"South Indian, Chinese",₹150 for one,Restaurant partner follows WHO protocol
Pop Cornism,-,,,59 min,Fast Food,₹100 for one,
Sree Om Sakthi Sweets And Snacks,-,,30% OFF,29 min,"Mithai, Fast Food",₹100 for one,50+ orders placed from here recently
Urbhan Tadka,3.7,,15% OFF,38 min,"North Indian, Mughlai, Rolls",₹100 for one,200+ orders placed from here recently
Dot.Yum - Hotel Aloft Coimbatore,3.7,,Flat 15% OFF,48 min,"North Indian, Continental, Chinese, South Indian, Shake",₹100 for one,Follows all Max Safety measures to ensure your food is safe
Amminis,4.0,,10% OFF,44 min,"Mithai, Street Food",₹100 for one,
COC - Chicken Only Chicken,3.8,,20% OFF,39 min,"Fast Food, Lebanese",₹100 for one,150+ orders placed from here recently
Casse Croute,New,,,50 min,"Fast Food, Street Food, Chinese, Beverages",₹100 for one,
Victoria Homemade Blends,3.4,,,52 min,Beverages,₹100 for one,
Salem Settu Kadai,4.2,,,49 min,"South Indian, Fast Food",₹100 for one,225+ orders placed from here recently
Barbequeen Restaurant,New,,,48 min,"Biryani, BBQ, Arabian",₹100 for one,125+ orders placed from here recently
Moodys,-,,60% OFF,59 min,"Beverages, Pizza, Fast Food, Shake",₹100 for one,
Yara's Kitchen,-,,,50 min,"Fast Food, North Indian",₹100 for one,
Sri Aarvee Hotels,3.6,,,41 min,"North Indian, South Indian, Continental, Chinese, Fast Food, Ice Cream, Beverages, Shake",₹150 for one,
Kriya Snacks,3.9,,,47 min,Fast Food,₹150 for one,50+ orders placed from here recently
Majestic Hotel,3.7,,,46 min,"North Indian, South Indian, Arabian, Fast Food",₹150 for one,100+ orders placed from here recently
House Of Secrets,-,,40% OFF,42 min,"Sandwich, Waffle, Fast Food, Desserts, Beverages, Shake",₹150 for one,50+ orders placed from here recently
Dharani Chettinad Mess,3.2,,50% OFF,37 min,"Chettinad, Chinese, South Indian",₹150 for one,75+ orders placed from here recently
Senbagam Snacks,-,,30% OFF,54 min,South Indian,₹150 for one,
The Empire,-,,,51 min,"North Indian, Chinese, Tamil, Desserts",₹150 for one,
EatAlley Cafe,4.0,,30% OFF,56 min,"Italian, Pizza, Fast Food, Street Food, Beverages",₹150 for one,125+ orders placed from here recently
PVR Café,4.5,,20% OFF,49 min,"Fast Food, Burger, Desserts",₹150 for one,300+ orders placed from here recently
Hotel Darbar,New,,,51 min,"Chinese, Biryani, South Indian",₹150 for one,
Maroon Restaurant,New,,₹75 OFF,49 min,"Biryani, Fast Food",₹150 for one,
Biggies Burger,New,,30% OFF,68 min,Burger,₹150 for one,
The Dessert Pastries,New,,40% OFF,56 min,"Waffle, Desserts",₹100 for one,
Sur Fries Cafe,New,,,47 min,"Coffee, Fast Food, Street Food, Sandwich, Pizza",₹100 for one,
Get A Whey,New,,,52 min,"Desserts, Ice Cream",₹100 for one,
U Turn Bistro,New,,,53 min,"Fast Food, Beverages",₹100 for one,
Cana Restaurant,4.0,,,49 min,"South Indian, Biryani, North Indian",₹100 for one,
Flavours Curated By Welcomhotel,3.2,,50% OFF,48 min,"North Indian, Continental, South Indian, Italian, Desserts",₹100 for one,Follows all Max Safety measures to ensure your food is safe
Cric Pizza,3.6,Pro extra 20% OFF,60% OFF,43 min,"Pizza, Burger, Fast Food",₹100 for one,50+ orders placed from here recently
Brownies And More,-,,,50 min,Desserts,₹100 for one,Restaurant partner follows WHO protocol
House Of Wraps,4.0,,60% OFF,44 min,Wraps,₹100 for one,125+ orders placed from here recently
Bamboo House,3.2,,10% OFF,34 min,"South Indian, North Indian, Chinese, Biryani",₹100 for one,
Sticksy,4.0,,,50 min,"Desserts, Ice Cream",₹100 for one,
Pasikuthu Maa,New,,,55 min,"South Indian, Beverages",₹100 for one,
Combo King,New,,60% OFF,52 min,"Chinese, Pizza, Fast Food",₹350 for one,50+ orders placed from here recently
Jumpin Bean's,-,,,56 min,"Pizza, Burger, Sandwich, Fast Food, Desserts, Beverages",₹350 for one,
Grrany's Kitchen,-,,,55 min,"Chinese, Street Food",₹350 for one,
Tempt Asian- Park Elanza,-,,Flat 30% OFF,47 min,"Chinese, North Indian, Italian, Continental, Fast Food, Beverages",₹350 for one,
Kovai Ammu Mess,3.5,,Flat 20% OFF,52 min,"South Indian, Biryani, Chinese",₹350 for one,Follows all Max Safety measures to ensure your food is safe
Sri Ganapathy Chips,-,,,42 min,Tamil,₹350 for one,Follows all Max Safety measures to ensure your food is safe
Vru Eeats,-,,,45 min,South Indian,₹350 for one,
Cafe Blanca- Park Elanza,-,,50% OFF,40 min,"Cafe, Sandwich, Bakery, Desserts, Fast Food",₹350 for one,
Hidden Fork Pizzeria,-,,,56 min,Pizza,₹350 for one,
Pongalur Sri Annapoornis Sweets,-,,,46 min,"Mithai, Desserts, Street Food",₹350 for one,
Jigarthanda Factory,-,,,40 min,Beverages,₹350 for one,
Van Dough Pizza By Cloud Kitchen Project,-,,,53 min,"Pizza, Desserts",₹350 for one,
Shake Citi,4.1,,40% OFF,54 min,"Beverages, Shake",₹300 for one,75+ orders placed from here recently
Sri Bombay Badam Milk And Lassi,-,,Flat 20% OFF,36 min,Beverages,₹300 for one,
Belly Boy,4.0,,,48 min,"Biryani, Chinese, South Indian",₹300 for one,
The Cake Time,-,,10% OFF,46 min,"Bakery, Desserts, Fast Food",₹300 for one,
PONGALUR SRI ANNAPOORNIS SWEETS,-,,,28 min,Mithai,₹300 for one,
Bay 1,-,,,38 min,"Chinese, Momos, Lebanese, North Indian, Beverages",₹300 for one,
Kulukki Sarbath,-,,15% OFF,48 min,Beverages,₹300 for one,
Suvi's Family Restaurant,-,,,42 min,"Biryani, Chinese, South Indian, Fast Food, North Indian",₹300 for one,50+ orders placed from here recently
Gourmet Ice Cream Cakes By Baskin Robbins,-,,Flat 15% OFF,48 min,"Bakery, Desserts, Ice Cream",₹300 for one,
La Casa,-,,40% OFF,48 min,"Fast Food, Ice Cream, Beverages",₹300 for one,
Lassi Shop,-,,30% OFF,49 min,"Beverages, Ice Cream, Desserts",₹300 for one,
Winni Cakes & More,-,,50% OFF,60 min,"Bakery, Desserts",₹300 for one,
Yo Momos,-,,,51 min,Momos,₹150 for one,
Tasty Treats,-,,,54 min,"Biryani, South Indian",₹150 for one,
Annai Biriyani Center,-,,,47 min,"Biryani, South Indian",₹150 for one,
Pizza Palate,-,,,55 min,"Pizza, Fast Food, Beverages",₹150 for one,
Brownie Busters,-,,20% OFF,43 min,"Ice Cream, Fast Food, Beverages",₹150 for one,50+ orders placed from here recently
Cake 24x7,-,,35% OFF,67 min,"Bakery, Desserts",₹150 for one,
Hi Basket,-,,,40 min,"Beverages, Juices, Shake",₹150 for one,
The Hungry Chick,2.9,,60% OFF,49 min,"Salad, Pasta, Burger, Fast Food",₹150 for one,125+ orders placed from here recently
Mom's House,3.6,,,40 min,"Lebanese, Chinese, South Indian",₹150 for one,150+ orders placed from here recently
Ambur Star Biryani,-,,,47 min,"South Indian, Biryani, Chinese",₹150 for one,
The Sea Kitchen,New,,,47 min,Seafood,₹150 for one,
Tiffinys,4.0,,,42 min,"North Indian, South Indian, Continental, Chinese",₹150 for one,Follows all Max Safety measures to ensure your food is safe
BaBQ Station,4.0,,,48 min,"BBQ, Rolls, Kebab",₹100 for one,
The Waffle Galaxy,New,,,55 min,"Ice Cream, Desserts",₹100 for one,
Anbu Chettinad Mess,3.4,,20% OFF,30 min,"Biryani, Chettinad",₹100 for one,325+ orders placed from here recently
Biryani King,New,,20% OFF,50 min,"Biryani, Fast Food",₹100 for one,50+ orders placed from here recently
When In Doubt Eat Ice Cream,New,,50% OFF,56 min,"Lebanese, Fast Food, Ice Cream, Desserts, Beverages",₹100 for one,
Cothas Coffee,New,,,51 min,Coffee,₹100 for one,
Elevate Bar & Lounge,-,,,43 min,"North Indian, South Indian, Finger Food, Fast Food, Biryani, Shake",₹100 for one,Restaurant partner follows WHO protocol
Suriya Sweets,-,,,50 min,"Mithai, Street Food",₹100 for one,
Abi's Kitchen,New,,,45 min,South Indian,₹100 for one,
The Grill Theory,New,,20% OFF,49 min,"BBQ, Fast Food, Lebanese, Biryani",₹100 for one,
Heat Square,New,,,46 min,"Burger, Wraps, Fast Food, Chinese, Mughlai",₹100 for one,
OK Chips,-,,,58 min,"Mithai, Street Food",₹100 for one,
Sandwich Shack,New,,,51 min,"Fast Food, Beverages",₹150 for one,
Burgerzilla,New,,,54 min,"Burger, Beverages, Fast Food",₹150 for one,
Hot Cross Burger,3.3,,30% OFF,51 min,"Fast Food, Beverages, Shake",₹150 for one,75+ orders placed from here recently
5 Shots Bistro Cafe,New,,,45 min,"Beverages, Sandwich, Fast Food",₹150 for one,
Chick-Inn,4.0,,,39 min,"Lebanese, Fast Food, Beverages",₹150 for one,
Ovenstory Pizza,3.7,Pro extra 10% OFF,60% OFF,39 min,"Pizza, Fast Food, Italian, Shake",₹150 for one,375+ orders placed from here recently
Red Door Cafe - The Game Hub,3.9,,30% OFF,49 min,"American, Italian, Fast Food, Beverages, Desserts, Wraps, Sandwich, Burger",₹150 for one,Follows all Max Safety measures to ensure your food is safe
Sita Paani Restaurant,3.7,,,,"North Indian, Mughlai, Chinese, Biryani, Seafood, Desserts, Beverages",₹150 for one,
McDonald's,4.2,,,,"Burger, Fast Food, Beverages",₹150 for one,1675+ orders placed from here recently
Sri Kumaran Mess,3.7,,50% OFF,,"South Indian, Biryani",₹150 for one,1550+ orders placed from here recently
Aroma Bakery,4.1,,30% OFF,,"Bakery, South Indian, Chinese, North Indian, Fast Food, Beverages, Shake",₹150 for one,
Sree Annapoorna Sweets & Savouries,4.3,,,,"Mithai, Desserts, Street Food",₹150 for one,Follows all Max Safety measures to ensure your food is safe
Street Arabiya,3.8,,,,"Lebanese, Fast Food, Arabian, Kebab, Beverages",₹150 for one,375+ orders placed from here recently
Jacob's Tasty Treats,4.2,,,,Bakery,₹150 for one,250+ orders placed from here recently
Agarwal Sweet Palace,4.4,,,,"Fast Food, Mithai, Street Food, North Indian, Desserts",₹150 for one,
Sri Sai Cafe,3.8,,10% OFF,,"South Indian, Chinese",₹150 for one,525+ orders placed from here recently
Abu Bhai Biriyani,4.0,,40% OFF,,Biryani,₹150 for one,50+ orders placed from here recently
Yari,4.1,,,,"North Indian, Chinese, Street Food, Fast Food, Beverages, Shake",₹150 for one,
Kokkarako,4.0,,,,"Chettinad, Chinese, Biryani, Arabian, North Indian, Shake",₹150 for one,125+ orders placed from here recently
Ajmeer Biriyani,4.1,,40% OFF,,"South Indian, Biryani",₹100 for one,225+ orders placed from here recently
Keranadu Kitchen,3.2,Pro extra 15% OFF,50% OFF,,"Kerala, Biryani, North Indian, Beverages",₹100 for one,550+ orders placed from here recently
Arihant Multi Cusine Foods,-,,,,"North Indian, South Indian, Chinese, Beverages, Shake",₹100 for one,
Sri Pandiyan Biriyani Centre,3.8,,20% OFF,,"Andhra, Biryani, Chinese",₹100 for one,75+ orders placed from here recently
Bird On Tree,3.7,,Flat 15% OFF,,"Continental, Chinese, Thai, Malaysian, North Indian, Shake",₹100 for one,175+ orders placed from here recently
Dappaakaaraar's Momos Factory,4.3,,,,Momos,₹100 for one,
Mumbai Kulfi,-,,,,"Ice Cream, Beverages, Desserts",₹100 for one,75+ orders placed from here recently
KR Bakes,-,,,,"Chinese, Biryani, North Indian",₹100 for one,
Sree Annapoorna Sweets & Snacks,-,,,,"Mithai, Street Food, Desserts",₹100 for one,Follows all Max Safety measures to ensure your food is safe
PM Biryani,-,,10% OFF,,"Biryani, Chinese",₹100 for one,
Boys Biryani,4.5,,,,"Biryani, Chinese",₹100 for one,Follows all Max Safety measures to ensure your food is safe
Apteat,3.4,,40% OFF,,"Biryani, Fast Food",₹100 for one,50+ orders placed from here recently
Dood's Burger,3.2,,50% OFF,,"Fast Food, Sandwich, Italian, BBQ, Lebanese, Mexican, Desserts, Beverages",₹100 for one,175+ orders placed from here recently
Pr Bakes,3.4,,,,"Bakery, Fast Food, Chinese, Beverages",₹100 for one,125+ orders placed from here recently
Quality Crispy Chicken,4.0,,20% OFF,,"American, Fast Food, Shake",₹100 for one,75+ orders placed from here recently
Ungal Jigar Thanda,4.4,,,,Beverages,₹100 for one,
Hotel Shree Annambigaa,3.8,,30% OFF,,"Chettinad, South Indian, Chinese, Beverages, Shake",₹100 for one,
Zwarma,4.1,Pro extra 25% OFF,60% OFF,,"Lebanese, BBQ",₹100 for one,Follows all Max Safety measures to ensure your food is safe
Burmese Treats,3.8,,30% OFF,,"Burmese, Chinese, Kerala, Fast Food",₹100 for one,Follows all Max Safety measures to ensure your food is safe
Juices And Cafe,4.1,,20% OFF,,"Beverages, Shake",₹100 for one,75+ orders placed from here recently
Nanu's Hotel,3.2,,20% OFF,,"South Indian, North Indian",₹100 for one,
Madurai Jigarthanda Factory,4.0,,,,Beverages,₹100 for one,
Night Food Coimbatore,3.6,,40% OFF,,"Biryani, South Indian",₹100 for one,Follows all Max Safety measures to ensure your food is safe
Chills & Fries,4.3,,Flat 30% OFF,,"Fast Food, Shake",₹100 for one,75+ orders placed from here recently
Rollz,2.7,,20% OFF,,"Desserts, Ice Cream, Fast Food, Street Food",₹100 for one,Follows all Max Safety measures to ensure your food is safe
Little Owl's Cafe,-,,,,"Fast Food, Desserts, Beverages, Shake",₹100 for one,
Zwarma,3.9,,20% OFF,,"Lebanese, BBQ",₹100 for one,75+ orders placed from here recently
A.R.C Sasi's Chat & More,4.0,,,,Fast Food,₹100 for one,300+ orders placed from here recently
SR Cafe,3.9,,,,"Fast Food, Chinese, North Indian, Street Food, Shake",₹100 for one,150+ orders placed from here recently
Mama & Mamee Kitchen,3.1,,Flat 20% OFF,,"Mithai, Tamil",₹100 for one,Follows all Max Safety measures to ensure your food is safe
Whatsup,-,,30% OFF,,"Fast Food, Sandwich",₹100 for one,Follows all Max Safety measures to ensure your food is safe
5 Rs Tiffin House,-,,30% OFF,,South Indian,₹100 for one,
Dosa,3.7,,20% OFF,,"South Indian, Chinese, North Indian, Fast Food",₹100 for one,
Insta Chaat,3.6,,30% OFF,,Street Food,₹100 for one,325+ orders placed from here recently
Chola Red Chilli Restaurant,4.0,,,,"South Indian, Biryani",₹100 for one,
Anneswari Mess,-,,,,South Indian,₹100 for one,
Shuffle,3.8,Pro extra 30% OFF,50% OFF,,"Desserts, Ice Cream, Fast Food, Sandwich, Burger, Beverages",₹150 for one,
Beatles Cafe,3.8,,40% OFF,,"Cafe, Continental, Pasta, Fast Food, Beverages, Desserts",₹150 for one,Follows all Max Safety measures to ensure your food is safe
Shakes And Burgers,4.0,,30% OFF,,"Beverages, Fast Food, Burger, Desserts, Shake",₹150 for one,400+ orders placed from here recently
Sri Krishna Iyer Mess,-,,,,"South Indian, Desserts",₹150 for one,
Byte A Bit Shawarmaz,3.5,,Flat 15% OFF,,"Lebanese, Fast Food, Rolls, Wraps",₹150 for one,75+ orders placed from here recently
Panruti Original Naatu Kozhi Kadai,3.3,,40% OFF,,South Indian,₹150 for one,
PPR Fast Food,3.6,,50% OFF,,Fast Food,₹150 for one,50+ orders placed from here recently
Arab Skew,4.1,,30% OFF,,Arabian,₹150 for one,575+ orders placed from here recently
Burger Infusion,-,,,,"Fast Food, Sandwich, Wraps, Burger, Beverages",₹150 for one,Restaurant partner follows WHO protocol
Iddly Italy,3.4,,,,"Italian, South Indian",₹150 for one,Restaurant partner follows WHO protocol
Arab Tasty,4.3,,40% OFF,,"Fast Food, Chinese, Sandwich, Burger, Desserts, Beverages",₹150 for one,375+ orders placed from here recently
The Breakfast Company,3.4,,50% OFF,,"Fast Food, Continental, Beverages, Shake",₹150 for one,
Hotel Sri Balaji,-,,,,"South Indian, Chinese, North Indian",₹50 for one,
18 Degree Ice Cream Shop,4.1,,,,"Ice Cream, Desserts, Beverages, Shake",₹50 for one,
Mirchi Chaats,3.8,,,,Mithai,₹50 for one,125+ orders placed from here recently
Kongu Kitchen,3.2,,50% OFF,,"Biryani, North Indian",₹50 for one,Follows all Max Safety measures to ensure your food is safe
Corn Shop,4.1,,40% OFF,,Street Food,₹50 for one,
City Cake Shop,-,,,,Bakery,₹50 for one,
Star Fish,-,,,,"Biryani, South Indian, Chinese, Seafood",₹50 for one,
Sandwich Square,3.9,,30% OFF,,"Fast Food, Sandwich, Beverages, Shake",₹50 for one,
Sunaa Paana Idly Kadai,4.0,,40% OFF,,"South Indian, Chettinad",₹50 for one,
KV Fast Food,-,,,,"Street Food, Chinese",₹50 for one,Follows all Max Safety measures to ensure your food is safe
Engineer's Shawarma,3.7,,,,"Lebanese, Fast Food",₹50 for one,75+ orders placed from here recently
Aazhi Samaiyalarai,-,,,,Seafood,₹50 for one,
Amirtham Foods,-,,,,South Indian,₹50 for one,
Umaiyaal Kitchen,-,,20% OFF,,South Indian,₹50 for one,Restaurant partner follows WHO protocol
ZFC,3.0,,Flat 20% OFF,,"North Indian, Chinese, Fast Food, Lebanese, Beverages, Shake",₹50 for one,
Saraswathi Mess,-,,,,"South Indian, North Indian, Chinese",₹50 for one,
Puttu & Paniyarams,3.4,,30% OFF,,Tamil,₹50 for one,50+ orders placed from here recently
Kovai Royal Snacks,-,,,,"Desserts, Ice Cream, Fast Food",₹50 for one,Follows all Max Safety measures to ensure your food is safe
McCafe by McDonald's,4.0,,,,"Fast Food, Burger, Desserts, Beverages",₹50 for one,Follows all Max Safety measures to ensure your food is safe
Choco Drench Cafe,-,,,,"Cafe, Fast Food, Shake",₹50 for one,
Indian Barbeque Hut,-,,,,"BBQ, Fast Food",₹50 for one,
Ayyappa Tiffins,4.0,,10% OFF,,South Indian,₹50 for one,350+ orders placed from here recently
Akshara Tiffin Center,-,,,,South Indian,₹50 for one,
Dhina Fast Food,-,,,,Street Food,₹50 for one,
Ban Gohan Restaurant,4.2,,50% OFF,,"BBQ, Fast Food",₹200 for one,
Vegcrunchy,3.5,,,,Fast Food,₹200 for one,
Indiya Canteen,3.3,,50% OFF,,"South Indian, Beverages",₹200 for one,Follows all Max Safety measures to ensure your food is safe
Planet Paratha,-,,40% OFF,,North Indian,₹200 for one,Follows all Max Safety measures to ensure your food is safe
Mirchi Chaats,3.5,,,,Street Food,₹200 for one,250+ orders placed from here recently
Turkish Delight,4.0,,,,"Turkish, North Indian, Lebanese",₹200 for one,Follows all Max Safety measures to ensure your food is safe
My Nutri Foods,-,,,,Healthy Food,₹200 for one,
Dus Restaurant,-,,,,"Chettinad, Chinese, Biryani",₹200 for one,
Urban Asian,-,,50% OFF,,Chinese,₹200 for one,Follows all Max Safety measures to ensure your food is safe
Beef Point,4.1,,30% OFF,,South Indian,₹200 for one,550+ orders placed from here recently
DOT Shawarma And BBQ,4.4,,30% OFF,,"Lebanese, BBQ",₹200 for one,100+ orders placed from here recently
